"filename", "language", "JSON", "JavaScript", "Markdown", "YAML", "Shell Script", "Makefile", "XML", "CSS", "comment", "blank", "total"
"/Users/shgopher/Desktop/family/GOFamily/.chglog/CHANGELOG.tpl.md", "Markdown", 0, 0, 24, 0, 0, 0, 0, 0, 0, 6, 30
"/Users/shgopher/Desktop/family/GOFamily/.chglog/config.yml", "YAML", 0, 0, 0, 28, 0, 0, 0, 0, 0, 0, 28
"/Users/shgopher/Desktop/family/GOFamily/.github/workflows/main.yml", "YAML", 0, 0, 0, 37, 0, 0, 0, 0, 12, 8, 57
"/Users/shgopher/Desktop/family/GOFamily/.vuepress/config.js", "JavaScript", 0, 99, 0, 0, 0, 0, 0, 0, 45, 2, 146
"/Users/shgopher/Desktop/family/GOFamily/.vuepress/public/css/index.css", "CSS", 0, 0, 0, 0, 0, 0, 0, 3, 0, 0, 3
"/Users/shgopher/Desktop/family/GOFamily/CHANGELOG.md", "Markdown", 0, 0, 4, 0, 0, 0, 0, 0, 0, 5, 9
"/Users/shgopher/Desktop/family/GOFamily/Makefile", "Makefile", 0, 0, 0, 0, 0, 2, 0, 0, 0, 0, 2
"/Users/shgopher/Desktop/family/GOFamily/README.md", "Markdown", 0, 0, 113, 0, 0, 0, 0, 0, 0, 9, 122
"/Users/shgopher/Desktop/family/GOFamily/changelog.config.js", "JavaScript", 0, 70, 0, 0, 0, 0, 0, 0, 10, 0, 80
"/Users/shgopher/Desktop/family/GOFamily/lint.sh", "Shell Script", 0, 0, 0, 0, 19, 0, 0, 0, 15, 16, 50
"/Users/shgopher/Desktop/family/GOFamily/package.json", "JSON", 33, 0, 0, 0, 0, 0, 0, 0, 0, 1, 34
"/Users/shgopher/Desktop/family/GOFamily/runtime/README.md", "Markdown", 0, 0, 8, 0, 0, 0, 0, 0, 0, 0, 8
"/Users/shgopher/Desktop/family/GOFamily/runtime/gmp/README.md", "Markdown", 0, 0, 4, 0, 0, 0, 0, 0, 10, 0, 14
"/Users/shgopher/Desktop/family/GOFamily/runtime/netpool/README.md", "Markdown", 0, 0, 3, 0, 0, 0, 0, 0, 10, 0, 13
"/Users/shgopher/Desktop/family/GOFamily/runtime/三色gc算法/README.md", "Markdown", 0, 0, 2, 0, 0, 0, 0, 0, 0, 0, 2
"/Users/shgopher/Desktop/family/GOFamily/runtime/堆内存分配/README.md", "Markdown", 0, 0, 0, 0, 0, 0, 0, 0, 0, 1, 1
"/Users/shgopher/Desktop/family/GOFamily/runtime/定时器/README.md", "Markdown", 0, 0, 0, 0, 0, 0, 0, 0, 0, 1, 1
"/Users/shgopher/Desktop/family/GOFamily/runtime/栈内存管理/README.md", "Markdown", 0, 0, 0, 0, 0, 0, 0, 0, 0, 1, 1
"/Users/shgopher/Desktop/family/GOFamily/runtime/系统监控/README.md", "Markdown", 0, 0, 0, 0, 0, 0, 0, 0, 0, 1, 1
"/Users/shgopher/Desktop/family/GOFamily/基础/README.md", "Markdown", 0, 0, 15, 0, 0, 0, 0, 0, 0, 0, 15
"/Users/shgopher/Desktop/family/GOFamily/基础/helloWorld/README.md", "Markdown", 0, 0, 37, 0, 0, 0, 0, 0, 10, 11, 58
"/Users/shgopher/Desktop/family/GOFamily/基础/interface/README.md", "Markdown", 0, 0, 866, 0, 0, 0, 0, 0, 10, 210, 1086
"/Users/shgopher/Desktop/family/GOFamily/基础/map/README.md", "Markdown", 0, 0, 165, 0, 0, 0, 0, 0, 0, 64, 229
"/Users/shgopher/Desktop/family/GOFamily/基础/map/hash.svg", "XML", 0, 0, 0, 0, 0, 0, 149, 0, 0, 0, 149
"/Users/shgopher/Desktop/family/GOFamily/基础/slice/README.md", "Markdown", 0, 0, 389, 0, 0, 0, 0, 0, 0, 89, 478
"/Users/shgopher/Desktop/family/GOFamily/基础/string/README.md", "Markdown", 0, 0, 268, 0, 0, 0, 0, 0, 0, 42, 310
"/Users/shgopher/Desktop/family/GOFamily/基础/作用域/README.md", "Markdown", 0, 0, 129, 0, 0, 0, 0, 0, 10, 29, 168
"/Users/shgopher/Desktop/family/GOFamily/基础/其他内容/README.md", "Markdown", 0, 0, 149, 0, 0, 0, 0, 0, 0, 64, 213
"/Users/shgopher/Desktop/family/GOFamily/基础/函数方法/0.md", "Markdown", 0, 0, 65, 0, 0, 0, 0, 0, 10, 17, 92
"/Users/shgopher/Desktop/family/GOFamily/基础/函数方法/1.md", "Markdown", 0, 0, 64, 0, 0, 0, 0, 0, 10, 12, 86
"/Users/shgopher/Desktop/family/GOFamily/基础/函数方法/2.md", "Markdown", 0, 0, 2, 0, 0, 0, 0, 0, 10, 1, 13
"/Users/shgopher/Desktop/family/GOFamily/基础/函数方法/3.md", "Markdown", 0, 0, 56, 0, 0, 0, 0, 0, 10, 9, 75
"/Users/shgopher/Desktop/family/GOFamily/基础/函数方法/4.md", "Markdown", 0, 0, 80, 0, 0, 0, 0, 0, 10, 12, 102
"/Users/shgopher/Desktop/family/GOFamily/基础/函数方法/5.md", "Markdown", 0, 0, 48, 0, 0, 0, 0, 0, 10, 11, 69
"/Users/shgopher/Desktop/family/GOFamily/基础/函数方法/6.md", "Markdown", 0, 0, 1, 0, 0, 0, 0, 0, 10, 2, 13
"/Users/shgopher/Desktop/family/GOFamily/基础/函数方法/7.md", "Markdown", 0, 0, 141, 0, 0, 0, 0, 0, 0, 28, 169
"/Users/shgopher/Desktop/family/GOFamily/基础/函数方法/README.md", "Markdown", 0, 0, 1275, 0, 0, 0, 0, 0, 0, 290, 1565
"/Users/shgopher/Desktop/family/GOFamily/基础/函数方法/gofunc.svg", "XML", 0, 0, 0, 0, 0, 0, 3, 0, 1, 0, 4
"/Users/shgopher/Desktop/family/GOFamily/基础/变量声明/README.md", "Markdown", 0, 0, 162, 0, 0, 0, 0, 0, 0, 33, 195
"/Users/shgopher/Desktop/family/GOFamily/基础/复合字面量/README.md", "Markdown", 0, 0, 57, 0, 0, 0, 0, 0, 0, 18, 75
"/Users/shgopher/Desktop/family/GOFamily/基础/常量声明/README.md", "Markdown", 0, 0, 139, 0, 0, 0, 0, 0, 0, 31, 170
"/Users/shgopher/Desktop/family/GOFamily/基础/数字类型/README.md", "Markdown", 0, 0, 166, 0, 0, 0, 0, 0, 0, 64, 230
"/Users/shgopher/Desktop/family/GOFamily/基础/求值顺序/README.md", "Markdown", 0, 0, 62, 0, 0, 0, 0, 0, 0, 20, 82
"/Users/shgopher/Desktop/family/GOFamily/基础/泛型/README.md", "Markdown", 0, 0, 490, 0, 0, 0, 0, 0, 0, 121, 611
"/Users/shgopher/Desktop/family/GOFamily/基础/结构体/README.md", "Markdown", 0, 0, 306, 0, 0, 0, 0, 0, 10, 58, 374
"/Users/shgopher/Desktop/family/GOFamily/基础/逻辑和判断语句/README.md", "Markdown", 0, 0, 207, 0, 0, 0, 0, 0, 10, 64, 281
"/Users/shgopher/Desktop/family/GOFamily/基础/错误处理/README.md", "Markdown", 0, 0, 714, 0, 0, 0, 0, 0, 10, 132, 856
"/Users/shgopher/Desktop/family/GOFamily/基础/零值/README.md", "Markdown", 0, 0, 103, 0, 0, 0, 0, 0, 0, 27, 130
"/Users/shgopher/Desktop/family/GOFamily/工程/README.md", "Markdown", 0, 0, 17, 0, 0, 0, 0, 0, 0, 1, 18
"/Users/shgopher/Desktop/family/GOFamily/工程/cgo/README.md", "Markdown", 0, 0, 3, 0, 0, 0, 0, 0, 0, 0, 3
"/Users/shgopher/Desktop/family/GOFamily/工程/copilot/README.md", "Markdown", 0, 0, 2, 0, 0, 0, 0, 0, 0, 0, 2
"/Users/shgopher/Desktop/family/GOFamily/工程/goweb编程/README.md", "Markdown", 0, 0, 5, 0, 0, 0, 0, 0, 10, 0, 15
"/Users/shgopher/Desktop/family/GOFamily/工程/go命名惯例/README.md", "Markdown", 0, 0, 117, 0, 0, 0, 0, 0, 0, 25, 142
"/Users/shgopher/Desktop/family/GOFamily/工程/go标准库/README.md", "Markdown", 0, 0, 525, 0, 0, 0, 0, 0, 0, 33, 558
"/Users/shgopher/Desktop/family/GOFamily/工程/go标准库/encoding-hex.md", "Markdown", 0, 0, 3, 0, 0, 0, 0, 0, 0, 0, 3
"/Users/shgopher/Desktop/family/GOFamily/工程/go标准库/fmt.md", "Markdown", 0, 0, 3, 0, 0, 0, 0, 0, 0, 0, 3
"/Users/shgopher/Desktop/family/GOFamily/工程/go标准库/sync.md", "Markdown", 0, 0, 33, 0, 0, 0, 0, 0, 0, 13, 46
"/Users/shgopher/Desktop/family/GOFamily/工程/go编程范式/README.md", "Markdown", 0, 0, 36, 0, 0, 0, 0, 0, 10, 1, 47
"/Users/shgopher/Desktop/family/GOFamily/工程/go编程范式/k8s_visitor/README.md", "Markdown", 0, 0, 1, 0, 0, 0, 0, 0, 0, 0, 1
"/Users/shgopher/Desktop/family/GOFamily/工程/go编程范式/pipeline/README.md", "Markdown", 0, 0, 1, 0, 0, 0, 0, 0, 0, 0, 1
"/Users/shgopher/Desktop/family/GOFamily/工程/go编程范式/代理/README.md", "Markdown", 0, 0, 0, 0, 0, 0, 0, 0, 0, 1, 1
"/Users/shgopher/Desktop/family/GOFamily/工程/go编程范式/信号量/README.md", "Markdown", 0, 0, 0, 0, 0, 0, 0, 0, 0, 1, 1
"/Users/shgopher/Desktop/family/GOFamily/工程/go编程范式/创建者/README.md", "Markdown", 0, 0, 1, 0, 0, 0, 0, 0, 0, 2, 3
"/Users/shgopher/Desktop/family/GOFamily/工程/go编程范式/功能选项/README.md", "Markdown", 0, 0, 0, 0, 0, 0, 0, 0, 0, 1, 1
"/Users/shgopher/Desktop/family/GOFamily/工程/go编程范式/单例/README.md", "Markdown", 0, 0, 0, 0, 0, 0, 0, 0, 0, 1, 1
"/Users/shgopher/Desktop/family/GOFamily/工程/go编程范式/原型/README.md", "Markdown", 0, 0, 1, 0, 0, 0, 0, 0, 10, 0, 11
"/Users/shgopher/Desktop/family/GOFamily/工程/go编程范式/发布者订阅者/README.md", "Markdown", 0, 0, 0, 0, 0, 0, 0, 0, 0, 1, 1
"/Users/shgopher/Desktop/family/GOFamily/工程/go编程范式/定时函数/README.md", "Markdown", 0, 0, 0, 0, 0, 0, 0, 0, 0, 1, 1
"/Users/shgopher/Desktop/family/GOFamily/工程/go编程范式/对象池/README.md", "Markdown", 0, 0, 0, 0, 0, 0, 0, 0, 0, 1, 1
"/Users/shgopher/Desktop/family/GOFamily/工程/go编程范式/工厂方法/README.md", "Markdown", 0, 0, 0, 0, 0, 0, 0, 0, 0, 1, 1
"/Users/shgopher/Desktop/family/GOFamily/工程/go编程范式/并行/README.md", "Markdown", 0, 0, 0, 0, 0, 0, 0, 0, 0, 1, 1
"/Users/shgopher/Desktop/family/GOFamily/工程/go编程范式/扇入/README.md", "Markdown", 0, 0, 0, 0, 0, 0, 0, 0, 0, 1, 1
"/Users/shgopher/Desktop/family/GOFamily/工程/go编程范式/扇出/README.md", "Markdown", 0, 0, 0, 0, 0, 0, 0, 0, 0, 1, 1
"/Users/shgopher/Desktop/family/GOFamily/工程/go编程范式/断路器/README.md", "Markdown", 0, 0, 0, 0, 0, 0, 0, 0, 0, 1, 1
"/Users/shgopher/Desktop/family/GOFamily/工程/go编程范式/有界并行/README.md", "Markdown", 0, 0, 0, 0, 0, 0, 0, 0, 0, 1, 1
"/Users/shgopher/Desktop/family/GOFamily/工程/go编程范式/生成器/README.md", "Markdown", 0, 0, 0, 0, 0, 0, 0, 0, 0, 1, 1
"/Users/shgopher/Desktop/family/GOFamily/工程/go编程范式/策略/README.md", "Markdown", 0, 0, 0, 0, 0, 0, 0, 0, 0, 1, 1
"/Users/shgopher/Desktop/family/GOFamily/工程/go编程范式/装饰器/README.md", "Markdown", 0, 0, 0, 0, 0, 0, 0, 0, 0, 1, 1
"/Users/shgopher/Desktop/family/GOFamily/工程/go编程范式/观察者/README.md", "Markdown", 0, 0, 0, 0, 0, 0, 0, 0, 0, 1, 1
"/Users/shgopher/Desktop/family/GOFamily/工程/go语言规范/README.md", "Markdown", 0, 0, 7, 0, 0, 0, 0, 0, 10, 1, 18
"/Users/shgopher/Desktop/family/GOFamily/工程/go面试题/README.md", "Markdown", 0, 0, 8, 0, 0, 0, 0, 0, 0, 0, 8
"/Users/shgopher/Desktop/family/GOFamily/工程/go面试题/architect.md", "Markdown", 0, 0, 0, 0, 0, 0, 0, 0, 0, 1, 1
"/Users/shgopher/Desktop/family/GOFamily/工程/go面试题/intermediate.md", "Markdown", 0, 0, 0, 0, 0, 0, 0, 0, 0, 1, 1
"/Users/shgopher/Desktop/family/GOFamily/工程/go面试题/primary.md", "Markdown", 0, 0, 0, 0, 0, 0, 0, 0, 0, 1, 1
"/Users/shgopher/Desktop/family/GOFamily/工程/go面试题/senior.md", "Markdown", 0, 0, 0, 0, 0, 0, 0, 0, 0, 1, 1
"/Users/shgopher/Desktop/family/GOFamily/工程/go面试题/中高级go面试题一.md", "Markdown", 0, 0, 28, 0, 0, 0, 0, 0, 10, 1, 39
"/Users/shgopher/Desktop/family/GOFamily/工程/ioc/README.md", "Markdown", 0, 0, 3, 0, 0, 0, 0, 0, 0, 0, 3
"/Users/shgopher/Desktop/family/GOFamily/工程/log/README.md", "Markdown", 0, 0, 4, 0, 0, 0, 0, 0, 0, 3, 7
"/Users/shgopher/Desktop/family/GOFamily/工程/wasm/README.md", "Markdown", 0, 0, 4, 0, 0, 0, 0, 0, 0, 0, 4
"/Users/shgopher/Desktop/family/GOFamily/工程/代码检查/README.md", "Markdown", 0, 0, 116, 0, 0, 0, 0, 0, 0, 15, 131
"/Users/shgopher/Desktop/family/GOFamily/工程/优秀第三方包/README.md", "Markdown", 0, 0, 3, 0, 0, 0, 0, 0, 0, 0, 3
"/Users/shgopher/Desktop/family/GOFamily/工程/优秀第三方包/gin/README.md", "Markdown", 0, 0, 4, 0, 0, 0, 0, 0, 0, 0, 4
"/Users/shgopher/Desktop/family/GOFamily/工程/优秀第三方包/sonic/README.md", "Markdown", 0, 0, 2, 0, 0, 0, 0, 0, 0, 0, 2
"/Users/shgopher/Desktop/family/GOFamily/工程/动态调试/README.md", "Markdown", 0, 0, 3, 0, 0, 0, 0, 0, 0, 0, 3
"/Users/shgopher/Desktop/family/GOFamily/工程/包及其构建工具/README.md", "Markdown", 0, 0, 347, 0, 0, 0, 0, 0, 0, 129, 476
"/Users/shgopher/Desktop/family/GOFamily/工程/反射/README.md", "Markdown", 0, 0, 1, 0, 0, 0, 0, 0, 10, 2, 13
"/Users/shgopher/Desktop/family/GOFamily/工程/命令/README.md", "Markdown", 0, 0, 43, 0, 0, 0, 0, 0, 0, 21, 64
"/Users/shgopher/Desktop/family/GOFamily/工程/坑/README.md", "Markdown", 0, 0, 2, 0, 0, 0, 0, 0, 0, 1, 3
"/Users/shgopher/Desktop/family/GOFamily/工程/字符编码/README.md", "Markdown", 0, 0, 1, 0, 0, 0, 0, 0, 0, 0, 1
"/Users/shgopher/Desktop/family/GOFamily/工程/测试/README.md", "Markdown", 0, 0, 23, 0, 0, 0, 0, 0, 0, 0, 23
"/Users/shgopher/Desktop/family/GOFamily/工程/测试/基准测试.md", "Markdown", 0, 0, 5, 0, 0, 0, 0, 0, 0, 0, 5
"/Users/shgopher/Desktop/family/GOFamily/工程/测试/基础测试.md", "Markdown", 0, 0, 3, 0, 0, 0, 0, 0, 0, 0, 3
"/Users/shgopher/Desktop/family/GOFamily/工程/测试/模糊测试.md", "Markdown", 0, 0, 4, 0, 0, 0, 0, 0, 0, 1, 5
"/Users/shgopher/Desktop/family/GOFamily/工程/系统信号的处理/README.md", "Markdown", 0, 0, 1, 0, 0, 0, 0, 0, 0, 0, 1
"/Users/shgopher/Desktop/family/GOFamily/工程/读写模型/README.md", "Markdown", 0, 0, 1, 0, 0, 0, 0, 0, 0, 0, 1
"/Users/shgopher/Desktop/family/GOFamily/工程/项目组织形式/README.md", "Markdown", 0, 0, 2, 0, 0, 0, 0, 0, 0, 0, 2
"/Users/shgopher/Desktop/family/GOFamily/并发/README.md", "Markdown", 0, 0, 7, 0, 0, 0, 0, 0, 10, 1, 18
"/Users/shgopher/Desktop/family/GOFamily/并发/atomic/README.md", "Markdown", 0, 0, 50, 0, 0, 0, 0, 0, 10, 23, 83
"/Users/shgopher/Desktop/family/GOFamily/并发/channel/README.md", "Markdown", 0, 0, 1101, 0, 0, 0, 0, 0, 0, 206, 1307
"/Users/shgopher/Desktop/family/GOFamily/并发/context/README.md", "Markdown", 0, 0, 209, 0, 0, 0, 0, 0, 10, 47, 266
"/Users/shgopher/Desktop/family/GOFamily/并发/内存模型/README.md", "Markdown", 0, 0, 228, 0, 0, 0, 0, 0, 0, 72, 300
"/Users/shgopher/Desktop/family/GOFamily/并发/同步原语/README.md", "Markdown", 0, 0, 1025, 0, 0, 0, 0, 0, 10, 253, 1288
"/Users/shgopher/Desktop/family/GOFamily/并发/并发模型/README.md", "Markdown", 0, 0, 106, 0, 0, 0, 0, 0, 10, 21, 137
"/Users/shgopher/Desktop/family/GOFamily/编译器/README.md", "Markdown", 0, 0, 26, 0, 0, 0, 0, 0, 10, 0, 36
"/Users/shgopher/Desktop/family/GOFamily/编译器/gc/README.md", "Markdown", 0, 0, 20, 0, 0, 0, 0, 0, 10, 5, 35
"/Users/shgopher/Desktop/family/GOFamily/编译器/gccgo/README.md", "Markdown", 0, 0, 10, 0, 0, 0, 0, 0, 0, 5, 15
"/Users/shgopher/Desktop/family/GOFamily/编译器/llvm/README.md", "Markdown", 0, 0, 37, 0, 0, 0, 0, 0, 10, 14, 61
"Total", "-", 33, 169, 10496, 65, 19, 2, 152, 3, 373, 2427, 13739